<?xml version="1.0" encoding="UTF-8"?>
<!DOCTYPE mapper PUBLIC "-//mybatis.org//DTD Mapper 3.0//EN" "http://mybatis.org/dtd/mybatis-3-mapper.dtd">

<mapper namespace="com.yinwang.owneruser.dao.OwnerUserDao">

	<select id="get" resultType="com.yinwang.owneruser.domain.OwnerUserDO">
		select `id`,`open_id`,`nickname`,`password`,`phone`,`heard_url`,`name`,`identity_card`,`register_time`,`pay_num`,`serve_num`,`balance`,`restitution`,`pay_time`,`login_time`,`add_time`,`update_time`,`delete_flag` from t_user where id = #{value}
	</select>
	
	<select id="getbyname" resultType="com.yinwang.owneruser.domain.OwnerUserDO">
		select `id`,`open_id`,`nickname`,`password`,`phone`,`heard_url`,`name`,`identity_card`,`register_time`,`pay_num`,`serve_num`,`balance`,`restitution`,`pay_time`,`login_time`,`add_time`,`update_time`,`delete_flag` from t_user where username = #{value}
	</select>

	<select id="list" resultType="com.yinwang.owneruser.domain.OwnerUserDO">
		select `id`,`open_id`,`nickname`,`password`,`phone`,`heard_url`,`name`,`identity_card`,`register_time`,`pay_num`,`serve_num`,`balance`,`restitution`,`pay_time`,`login_time`,`add_time`,`update_time`,`delete_flag` from t_user
        <where>  
		  		  <if test="id != null and id != ''"> and id = #{id} </if>
		  		  <if test="openId != null and openId != ''"> and open_id = #{openId} </if>
		  		  <if test="nickname != null and nickname != ''"> and nickname = #{nickname} </if>
		  		  <if test="password != null and password != ''"> and password = #{password} </if>
		  		  <if test="phone != null and phone != ''"> and phone = #{phone} </if>
		  		  <if test="username != null and username != ''"> and phone = #{username} </if>
		  		  <if test="heardUrl != null and heardUrl != ''"> and heard_url = #{heardUrl} </if>
		  		  <if test="name != null and name != ''"> and name = #{name} </if>
		  		  <if test="identityCard != null and identityCard != ''"> and identity_card = #{identityCard} </if>
		  		  <if test="registerTime != null and registerTime != ''"> and register_time = #{registerTime} </if>
		  		  <if test="payNum != null and payNum != ''"> and pay_num = #{payNum} </if>
		  		  <if test="serveNum != null and serveNum != ''"> and serve_num = #{serveNum} </if>
		  		  <if test="balance != null and balance != ''"> and balance = #{balance} </if>
		  		  <if test="restitution != null and restitution != ''"> and restitution = #{restitution} </if>
		  		  <if test="payTime != null and payTime != ''"> and pay_time = #{payTime} </if>
		  		  <if test="loginTime != null and loginTime != ''"> and login_time = #{loginTime} </if>
		  		  <if test="addTime != null and addTime != ''"> and add_time = #{addTime} </if>
		  		  <if test="updateTime != null and updateTime != ''"> and update_time = #{updateTime} </if>
		  		  <if test="deleteFlag != null and deleteFlag != ''"> and delete_flag = #{deleteFlag} </if>
		  		</where>
        <choose>
            <when test="sort != null and sort.trim() != ''">
                order by ${sort} ${order}
            </when>
			<otherwise>
                order by id desc
			</otherwise>
        </choose>
		<if test="offset != null and limit != null">
			limit #{offset}, #{limit}
		</if>
	</select>
	
 	<select id="count" resultType="int">
		select count(*) from t_user
		 <where>  
		  		  <if test="id != null and id != ''"> and id = #{id} </if>
		  		  <if test="openId != null and openId != ''"> and open_id = #{openId} </if>
		  		  <if test="nickname != null and nickname != ''"> and nickname = #{nickname} </if>
		  		  <if test="password != null and password != ''"> and password = #{password} </if>
		  		  <if test="phone != null and phone != ''"> and phone = #{phone} </if>
		  		  <if test="heardUrl != null and heardUrl != ''"> and heard_url = #{heardUrl} </if>
		  		  <if test="name != null and name != ''"> and name = #{name} </if>
		  		  <if test="identityCard != null and identityCard != ''"> and identity_card = #{identityCard} </if>
		  		  <if test="registerTime != null and registerTime != ''"> and register_time = #{registerTime} </if>
		  		  <if test="payNum != null and payNum != ''"> and pay_num = #{payNum} </if>
		  		  <if test="serveNum != null and serveNum != ''"> and serve_num = #{serveNum} </if>
		  		  <if test="balance != null and balance != ''"> and balance = #{balance} </if>
		  		  <if test="restitution != null and restitution != ''"> and restitution = #{restitution} </if>
		  		  <if test="payTime != null and payTime != ''"> and pay_time = #{payTime} </if>
		  		  <if test="loginTime != null and loginTime != ''"> and login_time = #{loginTime} </if>
		  		  <if test="addTime != null and addTime != ''"> and add_time = #{addTime} </if>
		  		  <if test="updateTime != null and updateTime != ''"> and update_time = #{updateTime} </if>
		  		  <if test="deleteFlag != null and deleteFlag != ''"> and delete_flag = #{deleteFlag} </if>
		  		</where>
	</select>
	 
	<insert id="save" parameterType="com.yinwang.owneruser.domain.OwnerUserDO" useGeneratedKeys="true" keyProperty="id">
		insert into t_user
		(
			`open_id`, 
			`nickname`, 
			`password`, 
			`phone`, 
			`heard_url`, 
			`name`, 
			`identity_card`, 
			`register_time`, 
			`pay_num`, 
			`serve_num`, 
			`balance`, 
			`restitution`, 
			`pay_time`, 
			`login_time`, 
			`add_time`, 
			`update_time`, 
			`delete_flag`,
			`username`
		)
		values
		(
			#{openId}, 
			#{nickname}, 
			#{password}, 
			#{phone}, 
			#{heardUrl}, 
			#{name}, 
			#{identityCard}, 
			#{registerTime}, 
			#{payNum}, 
			#{serveNum}, 
			#{balance}, 
			#{restitution}, 
			#{payTime}, 
			#{loginTime}, 
			#{addTime}, 
			#{updateTime}, 
			#{deleteFlag},
			#{username}
		)
	</insert>
	 
	<update id="update" parameterType="com.yinwang.owneruser.domain.OwnerUserDO">
		update t_user 
		<set>
			<if test="openId != null">`open_id` = #{openId}, </if>
			<if test="nickname != null">`nickname` = #{nickname}, </if>
			<if test="password != null">`password` = #{password}, </if>
			<if test="phone != null">`phone` = #{phone}, </if>
			<if test="heardUrl != null">`heard_url` = #{heardUrl}, </if>
			<if test="name != null">`name` = #{name}, </if>
			<if test="identityCard != null">`identity_card` = #{identityCard}, </if>
			<if test="registerTime != null">`register_time` = #{registerTime}, </if>
			<if test="payNum != null">`pay_num` = #{payNum}, </if>
			<if test="serveNum != null">`serve_num` = #{serveNum}, </if>
			<if test="balance != null">`balance` = #{balance}, </if>
			<if test="restitution != null">`restitution` = #{restitution}, </if>
			<if test="payTime != null">`pay_time` = #{payTime}, </if>
			<if test="loginTime != null">`login_time` = #{loginTime}, </if>
			<if test="addTime != null">`add_time` = #{addTime}, </if>
			<if test="updateTime != null">`update_time` = #{updateTime}, </if>
			<if test="deleteFlag != null">`delete_flag` = #{deleteFlag}</if>
		</set>
		where id = #{id}
	</update>
	
	<delete id="remove">
		delete from t_user where id = #{value}
	</delete>
	
	<delete id="batchRemove">
		delete from t_user where id in 
		<foreach item="id" collection="array" open="(" separator="," close=")">
			#{id}
		</foreach>
	</delete>

</mapper>