<?xml version="1.0" encoding="UTF-8"?>
<!DOCTYPE mapper PUBLIC "-//mybatis.org//DTD Mapper 3.0//EN" "http://mybatis.org/dtd/mybatis-3-mapper.dtd">

<mapper namespace="com.yinwang.information.dao.MaintainTypeDao">

	<select id="get" resultType="com.yinwang.information.domain.MaintainTypeDO">
		select `id`,`name`,`p_id`,`add_time`,`update_time`,`delete_flag` from t_maintain_type where id = #{value}
	</select>

	<select id="list" resultType="com.yinwang.information.domain.MaintainTypeDO">
		select `id`,`name`,`p_id`,`add_time`,`update_time`,`delete_flag` from t_maintain_type
        <where>  
		  		  <if test="id != null and id != ''"> and id = #{id} </if>
		  		  <if test="name != null and name != ''"> and name = #{name} </if>
		  		  <if test="pId != null and pId != ''"> and p_id = #{pId} </if>
		  		  <if test="addTime != null and addTime != ''"> and add_time = #{addTime} </if>
		  		  <if test="updateTime != null and updateTime != ''"> and update_time = #{updateTime} </if>
		  		  <if test="deleteFlag != null and deleteFlag != ''"> and delete_flag = #{deleteFlag} </if>
		  		</where>
        <choose>
            <when test="sort != null and sort.trim() != ''">
                order by ${sort} ${order}
            </when>
			<otherwise>
                order by id desc
			</otherwise>
        </choose>
		<if test="offset != null and limit != null">
			limit #{offset}, #{limit}
		</if>
	</select>
	<select id="listMap" resultType="java.util.Map">
		select 
			t2.id,
			t2.`name`,
			t1.name as nameType,
			t2.add_time 
		from t_maintain_type t1,t_maintain_type t2
		where t1.id = t2.p_id
	</select>
	
 	<select id="count" resultType="int">
		select count(*) from t_maintain_type
		 <where>  
		  		  <if test="id != null and id != ''"> and id = #{id} </if>
		  		  <if test="name != null and name != ''"> and name = #{name} </if>
		  		  <if test="pId != null and pId != ''"> and p_id = #{pId} </if>
		  		  <if test="addTime != null and addTime != ''"> and add_time = #{addTime} </if>
		  		  <if test="updateTime != null and updateTime != ''"> and update_time = #{updateTime} </if>
		  		  <if test="deleteFlag != null and deleteFlag != ''"> and delete_flag = #{deleteFlag} </if>
		  		</where>
	</select>
	 
	<insert id="save" parameterType="com.yinwang.information.domain.MaintainTypeDO" useGeneratedKeys="true" keyProperty="id">
		insert into t_maintain_type
		(
			`name`, 
			`p_id`, 
			`add_time`, 
			`update_time`, 
			`delete_flag`
		)
		values
		(
			#{name}, 
			#{pId}, 
			#{addTime}, 
			#{updateTime}, 
			#{deleteFlag}
		)
	</insert>
	 
	<update id="update" parameterType="com.yinwang.information.domain.MaintainTypeDO">
		update t_maintain_type 
		<set>
			<if test="name != null">`name` = #{name}, </if>
			<if test="pId != null">`p_id` = #{pId}, </if>
			<if test="addTime != null">`add_time` = #{addTime}, </if>
			<if test="updateTime != null">`update_time` = #{updateTime}, </if>
			<if test="deleteFlag != null">`delete_flag` = #{deleteFlag}</if>
		</set>
		where id = #{id}
	</update>
	
	<delete id="remove">
		delete from t_maintain_type where id = #{value}
	</delete>
	
	<delete id="batchRemove">
		delete from t_maintain_type where id in 
		<foreach item="id" collection="array" open="(" separator="," close=")">
			#{id}
		</foreach>
	</delete>

</mapper>