<?xml version="1.0" encoding="UTF-8"?>
<!DOCTYPE mapper PUBLIC "-//mybatis.org//DTD Mapper 3.0//EN" "http://mybatis.org/dtd/mybatis-3-mapper.dtd">

<mapper namespace="com.yinwang.information.dao.OptionDao">

	<select id="get" resultType="com.yinwang.information.domain.OptionDO">
		select `id`,`topic_id`,`name`,`num`,`account_for`,`add_time`,`update_time`,`delete_flag` from t_option where id = #{value}
	</select>

	<select id="list" resultType="com.yinwang.information.domain.OptionDO">
		select `id`,`topic_id`,`name`,`num`,`account_for`,`add_time`,`update_time`,`delete_flag` 
		from t_option
		<where>  
			<if test="topic_id != null and topic_id != ''"> and topic_id = #{topic_id} </if>
		</where>
		ORDER BY id
	</select>
	
</mapper>