<?xml version="1.0" encoding="UTF-8"?>
<!DOCTYPE mapper PUBLIC "-//mybatis.org//DTD Mapper 3.0//EN" "http://mybatis.org/dtd/mybatis-3-mapper.dtd">

<mapper namespace="com.yinwang.information.dao.QueCompleteDao">

	<select id="get" resultType="com.yinwang.information.domain.QueCompleteDO">
		select `id`,`user_id`,`questionnaire_id`,`add_time` from t_que_complete where id = #{value}
	</select>

	<select id="list" resultType="com.yinwang.information.domain.QueCompleteDO">
		select `id`,`user_id`,`questionnaire_id`,`add_time` from t_que_complete
        <where>  
		  		  <if test="id != null and id != ''"> and id = #{id} </if>
		  		  <if test="userId != null and userId != ''"> and user_id = #{userId} </if>
		  		  <if test="questionnaireId != null and questionnaireId != ''"> and questionnaire_id = #{questionnaireId} </if>
		  		  <if test="addTime != null and addTime != ''"> and add_time = #{addTime} </if>
		  		</where>
        <choose>
            <when test="sort != null and sort.trim() != ''">
                order by ${sort} ${order}
            </when>
			<otherwise>
                order by id desc
			</otherwise>
        </choose>
		<if test="offset != null and limit != null">
			limit #{offset}, #{limit}
		</if>
	</select>
	
 	<select id="count" resultType="int">
		select count(*) from t_que_complete
		 <where>  
		  		  <if test="id != null and id != ''"> and id = #{id} </if>
		  		  <if test="userId != null and userId != ''"> and user_id = #{userId} </if>
		  		  <if test="questionnaireId != null and questionnaireId != ''"> and questionnaire_id = #{questionnaireId} </if>
		  		  <if test="addTime != null and addTime != ''"> and add_time = #{addTime} </if>
		  		</where>
	</select>
	 
	<insert id="save" parameterType="com.yinwang.information.domain.QueCompleteDO" useGeneratedKeys="true" keyProperty="id">
		insert into t_que_complete
		(
			`user_id`, 
			`questionnaire_id`, 
			`add_time`
		)
		values
		(
			#{userId}, 
			#{questionnaireId}, 
			#{addTime}
		)
	</insert>
	 
	<update id="update" parameterType="com.yinwang.information.domain.QueCompleteDO">
		update t_que_complete 
		<set>
			<if test="userId != null">`user_id` = #{userId}, </if>
			<if test="questionnaireId != null">`questionnaire_id` = #{questionnaireId}, </if>
			<if test="addTime != null">`add_time` = #{addTime}</if>
		</set>
		where id = #{id}
	</update>
	
	<delete id="remove">
		delete from t_que_complete where id = #{value}
	</delete>
	<delete id="removeTop">
		delete from t_que_complete where user_id = #{user_id} and questionnaire_id=#{questionnaire_id}
	</delete>
	
	<delete id="batchRemove">
		delete from t_que_complete where id in 
		<foreach item="id" collection="array" open="(" separator="," close=")">
			#{id}
		</foreach>
	</delete>

</mapper>