<?xml version="1.0" encoding="UTF-8"?>
<!DOCTYPE mapper PUBLIC "-//mybatis.org//DTD Mapper 3.0//EN" "http://mybatis.org/dtd/mybatis-3-mapper.dtd">

<mapper namespace="com.yinwang.information.dao.TopicDao">

	<select id="get" resultType="com.yinwang.information.domain.TopicDO">
		select `id`,`questionnaire_id`,`name`,`details`,`is_radio`,`add_time`,`update_time`,`delete_flag` from t_topic where id = #{value}
	</select>

	<select id="list" resultType="com.yinwang.information.domain.TopicDO">
		select `id`,`questionnaire_id`,`name`,`details`,`is_radio`,`add_time`,`update_time`,`delete_flag` 
		from t_topic
		<where>  
			<if test="questionnaire_id != null and questionnaire_id != ''"> and questionnaire_id = #{questionnaire_id} </if>
		</where>
		order by id 
	</select>
	

</mapper>